<Schema name="Open_Fact_Food">
  <Dimension type="StandardDimension" visible="true" highCardinality="false" name="Dim_Contributeur">
    <Hierarchy visible="true" hasAll="true" allMemberName="Tous les contributeurs" primaryKey="pseudo">
      <Table name="Dim_contributeur">
      </Table>
      <Level name="pseudo" visible="true" column="pseudo" type="String" uniqueMembers="true" levelType="Regular" hideMemberIf="Never">
      </Level>
    </Hierarchy>
  </Dimension>
  <Dimension type="StandardDimension" visible="true" foreignKey="pseudo" highCardinality="false" name="Dim_Produit">
    <Hierarchy visible="true" hasAll="true" primaryKey="barcode">
      <Table name="Dim_Produit">
      </Table>
      <Level name="codebare" visible="true" column="barcode" type="String" uniqueMembers="true" levelType="Regular" hideMemberIf="Never">
      </Level>
      <Level name="nutriscore_fr" visible="true" column="nutrition_score_fr" type="String" uniqueMembers="false" levelType="Regular" hideMemberIf="Never">
      </Level>
    </Hierarchy>
  </Dimension>
  <Dimension type="StandardDimension" visible="true" highCardinality="false" name="Dim_Pnns">
    <Hierarchy visible="true" hasAll="true" primaryKey="pnns2">
      <Table name="Dim_pnns">
      </Table>
      <Level name="pnns1" visible="true" column="pnns1" type="String" uniqueMembers="true" levelType="Regular" hideMemberIf="Never">
      </Level>
      <Level name="pnns2" visible="true" column="pnns2" type="String" uniqueMembers="false" levelType="Regular" hideMemberIf="Never">
      </Level>
    </Hierarchy>
  </Dimension>
  <Dimension type="TimeDimension" visible="true" highCardinality="false" name="Dim_Date_Creation">
    <Hierarchy visible="true" hasAll="true" primaryKey="barcode">
      <Table name="fait_version_produit">
      </Table>
      <Level name="annee" visible="true" column="date_creation" type="Timestamp" uniqueMembers="true" levelType="TimeYears" hideMemberIf="Never">
      </Level>
      <Level name="mois" visible="true" column="date_creation" type="Timestamp" uniqueMembers="true" levelType="TimeMonths" hideMemberIf="Never">
      </Level>
      <Level name="jour" visible="true" column="date_creation" type="String" uniqueMembers="true" levelType="TimeDays" hideMemberIf="Never">
      </Level>
    </Hierarchy>
  </Dimension>
  <Dimension type="TimeDimension" visible="true" name="date_modification">
    <Hierarchy visible="true" hasAll="true" primaryKey="barcode">
      <Table name="OFF_2_version_produit">
      </Table>
      <Level name="annee" visible="true" column="date_modification" type="Timestamp" uniqueMembers="true" levelType="TimeYears" hideMemberIf="Never">
      </Level>
      <Level name="mois" visible="true" column="date_modification" uniqueMembers="true" levelType="TimeMonths" hideMemberIf="Never">
      </Level>
      <Level name="jour" visible="true" column="date_modification" uniqueMembers="true" levelType="TimeDays" hideMemberIf="Never">
      </Level>
    </Hierarchy>
  </Dimension>
  <Cube name="Produit" visible="true" description="Tous les produits" cache="true" enabled="true">
    <Table name="Fait_Produit">
    </Table>
    <DimensionUsage source="Dim_Contributeur" name="contributeur" visible="true" highCardinality="false">
    </DimensionUsage>
    <DimensionUsage source="Dim_Pnns" name="pnns" visible="true" highCardinality="false">
    </DimensionUsage>
    <DimensionUsage source="Dim_Produit" name="produit" visible="true" highCardinality="false">
    </DimensionUsage>
    <DimensionUsage source="Dim_Date_creation" name="date_creation" visible="true" highCardinality="false">
    </DimensionUsage>
    <Measure name="nb_produit" column="nb_prduit" aggregator="sum" visible="true">
    </Measure>
  </Cube>
  <Cube name="Version" visible="true" description="Toutes les versions" cache="true" enabled="true">
    <Table name="fait_version_produit">
    </Table>
    <DimensionUsage source="Dim_Contributeur" name="contributeur" visible="true" highCardinality="false">
    </DimensionUsage>
    <DimensionUsage source="Dim_Pnns" name="pnns" visible="true" highCardinality="false">
    </DimensionUsage>
    <DimensionUsage source="Dim_Produit" name="Produit" visible="true" highCardinality="false">
    </DimensionUsage>
    <DimensionUsage source="Dim_Date_creation" name="date_creation" visible="true" highCardinality="false">
    </DimensionUsage>
    <DimensionUsage source="Dim_Date_creation" name="date_modification" visible="true" highCardinality="false">
    </DimensionUsage>
    <Measure name="nb_version" column="nb_version_produit" aggregator="sum" visible="true">
    </Measure>
  </Cube>
</Schema>
